<?xml version="1.0" encoding="UTF-8"?>
<!DOCTYPE hibernate-mapping PUBLIC "-//Hibernate/Hibernate Mapping DTD 3.0//EN" "http://hibernate.sourceforge.net/hibernate-mapping-3.0.dtd">
<hibernate-mapping>
    <!-- 二. stock.orm (四合一) -->
    <!-- 基金 -->
    <class name="stock.orm.model.Fund" table="fund">
        <id name="fundId" type="java.lang.Integer">
            <column name="FUND_ID" />
            <generator class="native" />
        </id>
        <property name="name" type="string">
            <column name="NAME" length="10" not-null="true" />
        </property>
        <property name="desc" type="string">
            <column name="[DESC]" not-null="true" />
        </property>
        <!-- many-to-many -->
        <set name="stocks" table="stock_fund" 
             inverse="false" cascade="all" lazy="true" fetch="join">
            <key>
                <column name="FUND_ID" not-null="true" />
            </key>
            <many-to-many entity-name="stock.orm.model.Stock">
                <column name="STOCK_ID" not-null="true" />
            </many-to-many>
        </set>
        <!-- one-to-one -->
        <one-to-one name="fundNet" 
                    class="stock.orm.model.FundNet"
                    cascade="all"/>
        <!-- one-to-mamy -->
        <set name="traders" table="trader" cascade="save-update"
            lazy="false" inverse="false">
            <key column="fund_id"/>
            <one-to-many class="stock.orm.model.Trader"/>
        </set>
        <!-- one-to-mamy -->
        <set name="investors" table="investor" cascade="save-update"
            lazy="false" inverse="false">
            <key column="fund_id"/>
            <one-to-many class="stock.orm.model.Investor"/>
        </set>
    </class>
    
    <!-- 股票投資組合 -->
    <class name="stock.orm.model.Stock" table="stock">
        <id name="stockId" type="java.lang.Integer">
            <column name="STOCK_ID" />
            <generator class="native" />
        </id>
        <property name="stockCode" type="string">
            <column name="STOCK_CODE" length="10" not-null="true" unique="true" />
        </property>
        <property name="stockName" type="string">
            <column name="STOCK_NAME" length="20" not-null="true" unique="true" />
        </property>
        <!-- many-to-many -->
        <set name="funds" table="stock_fund" 
             inverse="true" cascade="all" lazy="true" fetch="join">
            <key>
                <column name="STOCK_ID" not-null="true" />
            </key>
            <many-to-many entity-name="stock.orm.model.Fund">
                <column name="FUND_ID" not-null="true" />
            </many-to-many>
        </set>
    </class>
    
    <!-- 基金淨值 -->
    <class name="stock.orm.model.FundNet" table="fundnet"> 
        <id name="netId" column="netId"> 
            <generator class="foreign"> 
                <param name="property">fund</param>
            </generator>
        </id> 

        <property name="value" column="value" /> 
 
        <one-to-one name="fund"
                    class="stock.orm.model.Fund"
                    constrained="true"/>
    </class> 
    
    <!-- 基金經理人(操盤手) -->
    <class name="stock.orm.model.Trader" table="trader"> 
        <id name="traderId" column="traderId"> 
            <generator class="native"/> 
        </id> 
        <property name="name" column="name"/> 
        <many-to-one name="fund" 
                     column="fund_id" 
                     class="stock.orm.model.Fund"
                     cascade="save-update"
                     outer-join="true"/> 
    </class>
    
    <!-- 投資人 -->
    <class name="stock.orm.model.Investor" table="investor"> 
        <id name="investorId" column="investorId"> 
            <generator class="native"/> 
        </id> 
        <property name="name" column="name"/> 
        <property name="units" column="units"/> 
        <property name="netValue" column="netValue"/> 
        <many-to-one name="fund" 
                     column="fund_id" 
                     class="stock.orm.model.Fund"
                     cascade="save-update"
                     outer-join="true"/> 
    </class>
</hibernate-mapping>
